Model Size,Base EM Accuracy,Student EM Accuracy,EM Improvement,EM Improvement %
0.5B,0.021045485403937542,0.009504412763068567,-0.011541072640868975,-54.83870967741936
1.5B,0.029192124915139173,0.028513238289205704,-0.0006788866259334683,-2.3255813953488342
7B,0.05227427019687712,0.04073319755600815,-0.011541072640868975,-22.07792207792208
