Model,Model Type,Model Size,Accuracy,Correct,Total,Percentage
Base Qwen 0.5B,Base Student,0.5B,0.021045485403937542,31,1473,2.104548540393754
Base Qwen 1.5B,Base Student,1.5B,0.029192124915139173,43,1473,2.9192124915139175
Base Qwen 7B,Base Student,7B,0.05227427019687712,77,1473,5.227427019687712
Student Qwen 0.5B,Distilled Student,0.5B,0.009504412763068567,14,1473,0.9504412763068567
Student Qwen 1.5B,Distilled Student,1.5B,0.028513238289205704,42,1473,2.8513238289205702
Student Qwen 7B,Distilled Student,7B,0.04073319755600815,60,1473,4.0733197556008145
Teacher (Devstral),Teacher,Devstral,0.12334801762114538,28,227,12.334801762114537
