Model,Model Type,Model Size,EM_Accuracy,LLM_Accuracy,Correct_EM,Total,EM_Percentage,LLM_Percentage
Base Qwen 0.5B,Base Student,0.5B,0.021045485403937542,0.0,31,1473,2.104548540393754,0.0
Base Qwen 1.5B,Base Student,1.5B,0.029192124915139173,0.0,43,1473,2.9192124915139175,0.0
Base Qwen 7B,Base Student,7B,0.05227427019687712,0.0,77,1473,5.227427019687712,0.0
Student Qwen 0.5B,Distilled Student,0.5B,0.009504412763068567,0.0,14,1473,0.9504412763068567,0.0
Student Qwen 1.5B,Distilled Student,1.5B,0.028513238289205704,0.0,42,1473,2.8513238289205702,0.0
Student Qwen 7B,Distilled Student,7B,0.04073319755600815,0.0,60,1473,4.0733197556008145,0.0
Teacher (Devstral),Teacher,Devstral,0.12334801762114538,0.0,28,227,12.334801762114537,0.0
